Workbook

Sheet Dashboard
A1: TABLEAU DE BORD - TESTS PCA
A2: [NOM DE L'ENTREPRISE] - Année [2024/2025]
A4: Responsable tests : | B4: [Nom, Fonction] | D4: Dernier test complet : | E4: [JJ/MM/AAAA]
A6: INDICATEURS CLÉS
A7: INDICATEUR | B7: OBJECTIF | C7: RÉALISÉ | D7: TAUX | E7: STATUT
A8: Tests sauvegardes réussis | B8: 12 | C8: ='S1-Sauvegardes'!I2 -> 0 | D8: =IF(B8=0,0,C8/B8) -> 0 | E8: =IF(D8>=0.9,"🟢",IF(D8>=0.7,"🟡","🔴")) -> 🔴
A9: Simulations réalisées | B9: 12 | C9: ='S2-Simulations'!H2 -> 0 | D9: =IF(B9=0,0,C9/B9) -> 0 | E9: =IF(D9>=0.9,"🟢",IF(D9>=0.7,"🟡","🔴")) -> 🔴
A10: Contacts vérifiés OK | B10: 12 | C10: ='S3-Contacts'!G2 -> 0 | D10: =IF(B10=0,0,C10/B10) -> 0 | E10: =IF(D10>=0.9,"🟢",IF(D10>=0.7,"🟡","🔴")) -> 🔴
A11: MAJ PCA effectuées | B11: 12 | C11: ='S4-MAJ'!F2 -> 0 | D11: =IF(B11=0,0,C11/B11) -> 0 | E11: =IF(D11>=0.9,"🟢",IF(D11>=0.7,"🟡","🔴")) -> 🔴
A12: RTO moyen backup (min) | B12: 30 | C12: ='S1-Sauvegardes'!I3 -> 0 | D12: =IF(C12<=B12,1,B12/C12) -> 1 | E12: =IF(C12<=B12,"🟢",IF(C12<=B12*1.5,"🟡","🔴")) -> 🟢
A13: Temps réaction moyen (min) | B13: 15 | C13: ='S2-Simulations'!H3 -> POINTS - | D13: =IF(C13<=B13,1,B13/C13) -> #VALUE! | E13: =IF(C13<=B13,"🟢",IF(C13<=B13*1.5,"🟡","🔴")) -> 🔴
A15: SCORE GLOBAL | B15: =AVERAGE(D8:D13) -> #VALUE! | C15: =IF(B15>=0.9,"🟢 EXCELLENT",IF(B15>=0.7,"🟡 ACCEPTABLE","🔴 ACTION REQUISE")) -> #VALUE!
A17: PLANNING MENSUEL
A18: SEMAINE | B18: TYPE | C18: ACTIONS | D18: DURÉE | E18: RESPONSABLE | F18: STATUT
A19: S1 | B19: Sauvegardes | C19: Restauration fichier test | D19: 15 min | E19: [Admin] | F19: ☐
A20: S2 | B20: Simulation | C20: Exercice table-top | D20: 30 min | E20: [DSI] | F20: ☐
A21: S3 | B21: Contacts | C21: Vérification joignabilité | D21: 15 min | E21: [Resp.] | F21: ☐
A22: S4 | B22: MAJ PCA | C22: Révision procédures | D22: 15 min | E22: [DSI] | F22: ☐
A24: PROCHAINES ÉCHÉANCES
A25: Prochain test backup : | B25: [Date] | C25: Prochaine simulation : | D25: [Date] | E25: Prochain test complet : | F25: [Date]

Sheet S1-Sauvegardes
A1: SEMAINE 1 : TESTS SAUVEGARDES | H1: COMPTEURS
H2: Tests OK : | I2: =COUNTIF(E5:E16,"OK") -> 0
A3: DATE | B3: SYSTÈME | C3: FICHIER TEST | D3: INTÉGRITÉ | E3: RÉSULTAT | F3: DURÉE (min) | G3: RTO (min) | H3: TESTEUR | I3: =IFERROR(AVERAGE(G5:G16),0) -> 0
A4: [JJ/MM] | B4: [Serveur/OneDrive] | C4: [Nom fichier] | D4: ☐ OK ☐ KO | H4: [Init.]
A5: [JJ/MM] | B5: [Serveur/OneDrive] | C5: [Nom fichier] | D5: ☐ OK ☐ KO | H5: [Init.]
A6: [JJ/MM] | B6: [Serveur/OneDrive] | C6: [Nom fichier] | D6: ☐ OK ☐ KO | H6: [Init.]
A7: [JJ/MM] | B7: [Serveur/OneDrive] | C7: [Nom fichier] | D7: ☐ OK ☐ KO | H7: [Init.]
A8: [JJ/MM] | B8: [Serveur/OneDrive] | C8: [Nom fichier] | D8: ☐ OK ☐ KO | H8: [Init.]
A9: [JJ/MM] | B9: [Serveur/OneDrive] | C9: [Nom fichier] | D9: ☐ OK ☐ KO | H9: [Init.]
A10: [JJ/MM] | B10: [Serveur/OneDrive] | C10: [Nom fichier] | D10: ☐ OK ☐ KO | H10: [Init.]
A11: [JJ/MM] | B11: [Serveur/OneDrive] | C11: [Nom fichier] | D11: ☐ OK ☐ KO | H11: [Init.]
A12: [JJ/MM] | B12: [Serveur/OneDrive] | C12: [Nom fichier] | D12: ☐ OK ☐ KO | H12: [Init.]
A13: [JJ/MM] | B13: [Serveur/OneDrive] | C13: [Nom fichier] | D13: ☐ OK ☐ KO | H13: [Init.]
A14: [JJ/MM] | B14: [Serveur/OneDrive] | C14: [Nom fichier] | D14: ☐ OK ☐ KO | H14: [Init.]
A15: [JJ/MM] | B15: [Serveur/OneDrive] | C15: [Nom fichier] | D15: ☐ OK ☐ KO | H15: [Init.]
A17: 💡 Colonne E : saisir OK ou KO
A19: CHECKLIST HEBDOMADAIRE
A20: ☐ Vérifier statut dernière sauvegarde (console backup)
A21: ☐ Identifier fichier test à restaurer
A22: ☐ Lancer restauration
A23: ☐ Vérifier intégrité fichier restauré
A24: ☐ Vérifier espace disque disponible
A25: ☐ Tester restauration OneDrive (1 fichier)
A26: ☐ Documenter dans ce registre

Sheet S2-Simulations
A1: SEMAINE 2 : SIMULATIONS INCIDENTS | G1: COMPTEURS
G2: Simulations OK : | H2: =COUNTIF(E5:E16,"OK") -> 0
A3: DATE | B3: SCÉNARIO | C3: PARTICIPANTS | D3: PROCÉDURES SUIVIES | E3: RÉSULTAT | F3: TEMPS RÉACTION (min) | G3: POINTS + | H3: POINTS -
A4: [JJ/MM] | B4: Ransomware | C4: [Noms] | D4: ☐ Oui ☐ Partiel ☐ Non
A5: [JJ/MM] | B5: Panne réseau | C5: [Noms] | D5: ☐ Oui ☐ Partiel ☐ Non
A6: [JJ/MM] | B6: Panne serveur | C6: [Noms] | D6: ☐ Oui ☐ Partiel ☐ Non
A7: [JJ/MM] | B7: Compromission compte | C7: [Noms] | D7: ☐ Oui ☐ Partiel ☐ Non
A8: [JJ/MM] | B8: Perte M365 | C8: [Noms] | D8: ☐ Oui ☐ Partiel ☐ Non
A9: [JJ/MM] | B9: Test complet | C9: [Noms] | D9: ☐ Oui ☐ Partiel ☐ Non
A10: [JJ/MM] | B10: Ransomware | C10: [Noms] | D10: ☐ Oui ☐ Partiel ☐ Non
A11: [JJ/MM] | B11: Panne réseau | C11: [Noms] | D11: ☐ Oui ☐ Partiel ☐ Non
A12: [JJ/MM] | B12: Panne serveur | C12: [Noms] | D12: ☐ Oui ☐ Partiel ☐ Non
A13: [JJ/MM] | B13: Compromission compte | C13: [Noms] | D13: ☐ Oui ☐ Partiel ☐ Non
A14: [JJ/MM] | B14: Perte M365 | C14: [Noms] | D14: ☐ Oui ☐ Partiel ☐ Non
A15: [JJ/MM] | B15: Test complet | C15: [Noms] | D15: ☐ Oui ☐ Partiel ☐ Non
A17: PLANNING ROTATION SCÉNARIOS
A18: MOIS | B18: SCÉNARIO | C18: FOCUS
A19: M1 / M7 | B19: Ransomware | C19: Isolation + restauration
A20: M2 / M8 | B20: Panne réseau | C20: Bascule 4G + communication
A21: M3 / M9 | B21: Panne serveur | C21: Restauration + validation
A22: M4 / M10 | B22: Compromission compte | C22: Blocage + remédiation
A23: M5 / M11 | B23: Perte accès M365 | C23: Mode dégradé + break-glass
A24: M6 / M12 | B24: Test complet | C24: Tous scénarios combinés

Sheet S3-Contacts
A1: SEMAINE 3 : VÉRIFICATION CONTACTS | F1: COMPTEURS
F2: Vérifications OK : | G2: =COUNTIF(E5:E16,"OK") -> 0
A3: DATE | B3: CONTACTS TESTÉS | C3: CONTACTS OK | D3: CONTACTS KO | E3: RÉSULTAT GLOBAL | F3: ACTIONS CORRECTIVES
A4: [JJ/MM]
A5: [JJ/MM]
A6: [JJ/MM]
A7: [JJ/MM]
A8: [JJ/MM]
A9: [JJ/MM]
A10: [JJ/MM]
A11: [JJ/MM]
A12: [JJ/MM]
A13: [JJ/MM]
A14: [JJ/MM]
A15: [JJ/MM]
A17: CONTACTS À VÉRIFIER MENSUELLEMENT
A18: CONTACT | B18: NOM/SOCIÉTÉ | C18: TÉLÉPHONE | D18: JOIGNABLE
A19: Commandant de crise | B19: [Nom] | C19: [06...] | D19: ☐
A20: Responsable technique | B20: [Nom] | C20: [06...] | D20: ☐
A21: Responsable com. | B21: [Nom] | C21: [06...] | D21: ☐
A22: Backup commandant | B22: [Nom] | C22: [06...] | D22: ☐
A23: Prestataire infogérance | B23: [Société] | C23: [Tél 24/7] | D23: ☐
A24: Support Microsoft 365 | B24: Microsoft France | C24: 0 800 91 56 19 | D24: ☐
A25: Assurance cyber | B25: [Assureur] | C25: [Tél sinistre] | D25: ☐
A26: Compte break-glass | B26: breakglass@... | C26: Test connexion | D26: ☐

Sheet S4-MAJ
A1: SEMAINE 4 : MISE À JOUR PCA | E1: COMPTEURS
E2: MAJ effectuées : | F2: =COUNTA(A5:A16)-COUNTIF(A5:A16,"[JJ/MM]") -> 0
A3: DATE | B3: VERSION | C3: MODIFICATIONS APPORTÉES | D3: DOCUMENTS MAJ | E3: AUTEUR
A4: [JJ/MM] | B4: [X.X] | E4: [Init.]
A5: [JJ/MM] | B5: [X.X] | E5: [Init.]
A6: [JJ/MM] | B6: [X.X] | E6: [Init.]
A7: [JJ/MM] | B7: [X.X] | E7: [Init.]
A8: [JJ/MM] | B8: [X.X] | E8: [Init.]
A9: [JJ/MM] | B9: [X.X] | E9: [Init.]
A10: [JJ/MM] | B10: [X.X] | E10: [Init.]
A11: [JJ/MM] | B11: [X.X] | E11: [Init.]
A12: [JJ/MM] | B12: [X.X] | E12: [Init.]
A13: [JJ/MM] | B13: [X.X] | E13: [Init.]
A14: [JJ/MM] | B14: [X.X] | E14: [Init.]
A15: [JJ/MM] | B15: [X.X] | E15: [Init.]
A17: CHECKLIST RÉVISION MENSUELLE
A18: FAIT | B18: POINT À VÉRIFIER | C18: NOTES
A19: ☐ | B19: Contacts d'urgence à jour ?
A20: ☐ | B20: Inventaire serveurs à jour ?
A21: ☐ | B21: Applications métier à jour ?
A22: ☐ | B22: Contrats prestataires à jour ?
A23: ☐ | B23: Procédures corrigées suite aux tests ?
A24: ☐ | B24: Scripts PowerShell fonctionnels ?
A25: ☐ | B25: Version PCA incrémentée ?
A26: ☐ | B26: Fiches réflexes réimprimées ?
A27: ☐ | B27: Clé USB coffre-fort mise à jour ?

Sheet Scénarios
A1: SCÉNARIOS TABLE-TOP - PRÊTS À LIRE
A2: Lire le scénario à voix haute à l'équipe de crise. Laisser 2 min de réflexion après chaque étape.
A4: 🔴 SCÉNARIO 1 : RANSOMWARE
A5: 📋 SITUATION À LIRE :
A6: Il est 22h15, mardi soir. Vous recevez un SMS de l'astreinte : "Alerte EDR - Comportement suspect détecté sur le poste de Marie DUPONT (Comptabilité)". 5 minutes plus tard, nouveau message : "3 autres postes affichent maintenant un écran noir avec demande de rançon en Bitcoin."
A7: ❓ QUESTIONS À POSER :
A8: 1. Quelle est la PREMIÈRE action à faire dans les 60 secondes ?
A9: 2. Qui appelez-vous en premier ? Dans quel ordre ?
A10: 3. Comment isolez-vous les machines sans être sur place ?
A11: 4. Le ransomware s'est propagé à SharePoint. Que faites-vous ?
A12: 5. La direction demande : "On paie ou pas ?" Que répondez-vous ?
A13: TWIST : Le compte admin IT principal est aussi chiffré. Comment accédez-vous à la console M365 ?
... A69: TWIST : Un collaborateur poste sur LinkedIn "Catastrophe chez [Entreprise], tout est détruit". Gestion de la communication externe ?

Sheet Rappels
A1: RAPPELS CALENDRIER - À COPIER
A3: Copier ces événements dans votre calendrier Outlook/Google :
A5: RÉCURRENCE | B5: TITRE ÉVÉNEMENT | C5: DESCRIPTION
A6: Chaque lundi S1 | B6: 🔵 Test PCA - Sauvegardes | C6: 15 min - Tester restauration fichier
A7: Chaque lundi S2 | B7: 🟠 Test PCA - Simulation | C7: 30 min - Exercice table-top équipe crise
A8: Chaque lundi S3 | B8: 🟡 Test PCA - Contacts | C8: 15 min - Vérifier joignabilité contacts
A9: Chaque lundi S4 | B9: 🟣 Test PCA - MAJ | C9: 15 min - Réviser et mettre à jour PCA
A10: Chaque trimestre | B10: 🔴 Test PCA COMPLET | C10: 2h - Test grandeur nature tous scénarios
A11: Chaque semestre | B11: 📋 Audit PCA | C11: Revue complète avec Direction
A14: 💡 ASTUCE : Créer un calendrier partagé "Tests PCA" visible par toute l'équipe IT
